file_id;md_id;type;error_count;errors
1-20/10;05b0927b-549a-49ae-83d8-32bd4ca6d884;service;5;C.5 C.17 C.18 3.1 3.8
1-20/1;045d3292-ffdc-4474-b090-e7e7d6ceaeb0;dataset;9;C.1 C.5 C.14 C.15 C.17 C.18 C.22 1.6 2.4
1-20/13;0f0f3502-0d93-4b02-8946-04e3831062e2;dataset;10;C.1 C.5 C.17 C.18 C.22 1.6 2.1 2.3 2.4 2.6
1-20/11;9cdcab87-7c7e-44a5-8750-e136fef5653a;dataset;10;C.1 C.5 C.17 C.18 C.22 1.6 2.1 2.3 2.4 2.6
1-20/16;8ca6ec64-0da5-4c04-b7a8-5f260baf4c2c;dataset;10;C.1 C.5 C.17 C.18 C.22 1.6 2.1 2.3 2.4 2.6
1-20/14;c2df41ee-5fd7-48b7-baa9-55e1f34a9d9d;dataset;10;C.1 C.5 C.17 C.18 C.22 1.6 2.1 2.3 2.4 2.6
1-20/12;4d113ed7-2989-45d7-a248-3a28ce21d922;dataset;11;C.1 C.5 C.11 C.17 C.18 C.22 1.6 2.1 2.3 2.4 2.6
1-20/19;3da254a0-0925-4d44-8ffa-11c03dceb16c;dataset;9;C.1 C.5 C.17 C.22 1.6 2.1 2.3 2.4 2.6
1-20/17;6ea168ea-67a1-497b-b373-d4effb3c3e29;dataset;11;C.1 C.5 C.14 C.17 C.18 C.22 1.6 2.1 2.3 2.4 2.6
1-20/15;7d2a999e-5795-426a-b342-42a3f280e518;dataset;11;C.1 C.5 C.17 C.18 C.22 1.6 1.8 2.1 2.3 2.4 2.6
1-20/2;3febf5ce-f94c-4c6e-bece-902ae69db721;dataset;10;C.1 C.5 C.17 C.18 C.22 1.6 2.1 2.3 2.4 2.6
1-20/18;92f8451e-2ed4-4f08-8e70-c3c8e5b2666a;dataset;9;C.1 C.5 C.17 C.22 1.6 2.1 2.3 2.4 2.6
1-20/3;fc1b8edd-a796-4106-b992-7e531f26cfb1;dataset;11;C.1 C.5 C.17 C.18 C.22 1.4 1.6 2.1 2.3 2.4 2.6
1-20/20;38c0a099-ac09-4463-bf6b-b32e56a0619c;dataset;10;C.1 C.5 C.6 C.14 C.15 C.17 C.18 C.22 1.6 2.4
1-20/4;51c6c91e-0222-4df2-b2a7-5c8d88bf0c52;dataset;10;C.1 C.5 C.6 C.17 C.22 1.6 2.1 2.3 2.4 2.6
1-20/6;d3cb5f91-e0ce-4c6c-9395-956d6f8c7fe2;dataset;11;C.1 C.5 C.11 C.14 C.17 C.22 1.6 2.1 2.3 2.4 2.6
1-20/5;ad7ded12-5d7f-4025-9c4e-1b43e1010ad0;dataset;12;C.1 C.5 C.6 C.14 C.17 C.18 C.22 1.6 2.1 2.3 2.4 2.6
1-20/7;e0e6e0c5-1c2d-4567-abca-2e15b249e4a5;dataset;11;C.1 C.5 C.6 C.17 C.18 C.22 1.6 2.1 2.3 2.4 2.6
1-20/9;206a045d-fbc1-40d2-b28d-3c857f650153;dataset;9;C.1 C.5 C.17 C.22 1.6 2.1 2.3 2.4 2.6
1-20/8;510bcaa5-b8d6-4120-b7ff-6b2109318241;dataset;14;C.1 C.5 C.6 C.14 C.15 C.17 C.18 C.22 1.6 1.8 2.1 2.3 2.4 2.6
101-120/11;4bee3911-c86d-4d3b-ab06-d64a57cbf47c;dataset;7;C.5 C.6 C.17 C.18 1.6 2.4 2.6
101-120/14;fe37abdd-7873-4e4e-8b6a-45e40d0ce76c;dataset;8;C.5 C.17 C.18 1.6 2.1 2.3 2.4 2.6
101-120/10;c1e92bf3-758a-4fc1-87e1-dca692304379;dataset;10;C.5 C.6 C.17 C.18 1.4 1.6 2.1 2.3 2.4 2.6
101-120/1;736940a6-6c7d-4d26-9817-8fc070c96281;dataset;6;C.5 C.17 C.18 1.6 1.8 2.4
101-120/12;1c9c386e-6d51-45a7-9201-9c927ed5f5e2;dataset;8;C.5 C.13 C.17 1.6 2.1 2.3 2.4 2.6
101-120/13;646d5878-2ebe-45ed-ac7e-e31304075d31;dataset;8;C.5 C.17 C.18 1.4 1.6 2.1 2.3 2.4
101-120/17;0ce24aef-d26f-479f-9879-3f2911a3a3c9;service;5;C.5 C.6 C.17 3.1 3.8
101-120/15;5f0dc908-3b3d-4db5-8eac-ebd173f93421;dataset;6;C.5 C.6 C.17 C.18 1.6 1.8
101-120/18;0bb3167b-084e-4e36-a51a-f01a5ac8a1ad;service;5;C.5 C.17 3.1 3.6 3.8
101-120/16;f1069daf-818a-4dbb-b49d-1600084c66cc;dataset;5;C.5 C.17 1.6 2.4 2.6
101-120/2;ec9d1821-c81f-4b02-8723-99e55d9c2510;dataset;6;C.5 C.17 1.6 1.10 2.4 2.6
101-120/19;85a46931-0f5a-4df4-91e2-771c27567504;service;4;C.5 C.17 3.1 3.8
101-120/4;83022318-767b-412b-8ff3-fbcea9ded7ba;dataset;6;C.5 C.17 C.18 1.6 1.8 2.4
101-120/20;48c955c8-70bd-451b-af94-c5069d3b54f6;dataset;5;C.5 C.17 1.6 2.4 2.6
101-120/7;3723313f-100b-4eb4-8898-b5da687ce13a;dataset;5;C.5 C.6 C.17 1.6 2.4
101-120/5;d26419ac-7cf8-4f88-90a1-868a5ed986e9;dataset;6;C.5 C.17 C.18 1.6 2.4 2.6
101-120/3;39916e03-8218-47d2-8bbf-688f157b38ff;dataset;6;C.5 C.17 C.18 1.6 2.4 2.6
121-140/1;1f587ab4-d731-4bda-9ff4-44629694fc75;dataset;10;C.5 C.6 C.17 C.18 1.6 1.8 2.1 2.3 2.4 2.6
101-120/6;67e458c4-8f70-4d2b-8bc4-0de5130f57ae;dataset;5;C.5 C.17 C.18 1.6 2.4
121-140/12;763d5253-09ba-4b97-9836-ce93e945d3f2;dataset;9;C.5 C.6 C.17 C.18 1.6 2.1 2.3 2.4 2.6
101-120/8;9142f9d5-ba0c-4e2d-82cc-7d647577665c;dataset;8;C.5 C.6 C.15 C.17 C.18 1.6 2.4 2.6
121-140/10;bc98d76b-31e8-49af-a355-cd4f2a60fb0b;dataset;8;C.5 C.6 C.17 C.18 1.6 1.8 2.4 2.6
101-120/9;1b92a4dc-b9dc-4e73-83c7-f7adaab952c4;dataset;6;C.5 C.10 C.17 1.6 2.4 2.6
121-140/11;8b1e27f0-3fab-4f76-8312-c53b6ac25280;dataset;10;C.5 C.6 C.17 C.18 1.6 1.11 2.1 2.3 2.4 2.6
121-140/15;5bb7e99a-b817-416e-953f-d48a4235fa19;dataset;4;C.5 C.17 C.18 1.6
121-140/18;5dc1252e-51a1-4f66-8bb6-ad9710184ea7;service;6;C.1 C.5 C.6 C.10 C.17 3.8
121-140/14;c8f925b3-738d-49de-b003-fc56840e926e;dataset;5;C.5 C.17 C.18 1.4 1.6
121-140/13;4fcdec02-11cf-43fd-9185-8cfa92f84d04;dataset;7;C.5 C.17 C.18 1.4 1.6 2.4 2.6
121-140/16;8e6f24d4-0722-4472-adfb-5b43adbce618;dataset;4;C.5 C.17 C.18 1.6
121-140/17;950aad8f-f399-45ef-ae85-3d1ca74f9ecb;service;13;C.1 C.5 C.6 C.8 C.9 C.10 C.17 C.18 3.2 3.4 3.5 3.8 4.1
121-140/5;3fb11c21-aa6d-47ed-8962-c52ac5ccbb05;dataset;6;C.5 C.6 C.17 C.18 1.6 2.4
121-140/19;4b118223-ba9f-4be0-8a15-08166001b633;service;6;C.1 C.5 C.15 C.17 3.1 3.8
121-140/2;82748e5c-736f-4221-9e55-6be7ea3a8ff1;dataset;11;C.5 C.6 C.15 C.17 C.18 1.6 1.8 2.1 2.3 2.4 2.6
121-140/3;dd940197-4e74-4660-b299-d022af807cef;dataset;11;C.5 C.6 C.10 C.15 C.17 C.18 1.6 1.10 2.1 2.3 2.4
121-140/8;365c560f-52b4-44ce-8c4e-c01d86fafea5;dataset;8;C.5 C.6 C.17 C.18 1.6 1.8 2.4 2.6
121-140/4;21e78895-f706-4e1f-bf36-05b2241aef41;dataset;11;C.5 C.6 C.15 C.17 C.18 1.6 1.8 2.1 2.3 2.4 2.6
121-140/7;76f4b36a-de98-4880-9b3c-14dccc98ae51;dataset;8;C.5 C.17 C.18 1.6 1.8 1.9 2.4 2.6
121-140/6;9bd18ea0-6b7a-431d-b8f7-5253434ad211;dataset;6;C.5 C.6 C.17 C.18 1.6 2.4
121-140/9;2256c752-e848-44b0-b8d2-2998c1479289;dataset;13;C.5 C.17 C.20 C.21 C.22 1.3 1.4 1.6 1.7 1.10 1.11 2.4 2.6
141-160/4;39979b2f-e7aa-4177-9a9d-69b563f00f91;service;5;C.5 C.17 C.18 3.1 3.8
141-160/5;8bafb36d-8744-4eda-9bd5-b6c19c6b7d81;dataset;10;C.1 C.5 C.17 C.18 C.22 1.6 2.1 2.3 2.4 2.6
141-160/6;b5b33779-96c2-4d7c-9fee-2758e39ae85a;dataset;8;C.5 C.17 C.18 1.6 2.1 2.3 2.4 2.6
141-160/9;95bdd3e7-c06d-4693-be38-cfe4518b7345;service;5;C.5 C.6 C.17 3.1 3.8
181-200/11;6294ea04-5684-4fb8-a5e0-f8464209335e;service;4;C.5 C.17 3.1 3.8
181-200/10;93331468-97ae-40db-b0bf-960506e5995e;service;4;C.5 C.17 3.1 3.8
181-200/13;d48244c0-9ac0-4c56-a34c-54ffe6761ef8;service;5;C.5 C.17 3.1 3.6 3.8
181-200/14;f17fc16c-ad08-4880-92f2-7d8fe2fad07b;service;4;C.5 C.17 3.1 3.8
181-200/16;1cfebbf8-f517-4d57-989d-4a47c172d264;service;5;C.5 C.17 3.1 3.6 3.8
181-200/17;e6fcd0e2-c62a-4614-9397-1f22da93de68;service;13;C.1 C.5 C.6 C.8 C.9 C.10 C.14 C.17 3.2 3.4 3.5 3.8 4.1
181-200/12;10d55745-5e55-405e-b3c5-db229257a549;dataset;5;C.5 C.6 C.17 1.6 2.4
181-200/19;31c8c7bb-5ec2-40a6-a894-d06e9d240428;service;5;C.1 C.5 C.17 3.1 3.8
181-200/4;30c076d3-b87d-4d02-87ff-f4c40047d5de;service;6;C.1 C.5 C.6 C.17 3.1 3.8
181-200/15;92dcf35a-5760-49c6-bfbe-0a0c1c253ace;service;4;C.5 C.17 3.1 3.8
181-200/3;2c12600b-f812-4be6-a107-5663d1c83cc0;service;4;C.5 C.17 3.1 3.8
181-200/7;94e00ffa-2386-4199-ba80-03129187bc5b;service;5;C.5 C.14 C.17 3.1 3.8
181-200/6;f789de8b-be80-49a4-81f4-c562a400df11;service;5;C.5 C.6 C.17 3.1 3.8
181-200/18;f775d769-1b27-4d6c-b835-b815f5672d4e;dataset;7;C.5 C.6 C.17 C.18 1.6 1.8 M.1
181-200/9;b1819eea-489b-4c15-8ed1-e93854bbb67d;service;5;C.5 C.6 C.17 3.1 3.8
201-220/12;1b6fd06c-6317-4ecb-92d2-a408659c8846;dataset;6;C.5 C.6 C.17 C.18 1.6 2.4
181-200/5;d04c6201-ea5a-4865-a9eb-3341e6c15a8a;service;5;C.1 C.5 C.6 C.17 3.8
201-220/15;75633979-06cd-4f69-acfb-b4fadc19d0ad;service;4;C.5 C.17 3.1 3.8
201-220/11;9b3f4429-9e46-44ee-9ecc-d27403167f0a;dataset;6;C.1 C.5 C.14 C.17 1.6 1.8
201-220/14;0354e1d0-4405-4d2f-a129-a70027723acd;service;5;C.1 C.5 C.17 3.1 3.8
181-200/8;55edb8ef-e316-46cd-8966-df20ae630985;service;5;C.5 C.10 C.17 3.1 3.8
201-220/17;659d7397-19f5-4f84-b579-dc90bd775ff1;dataset;10;C.1 C.5 C.6 C.10 C.17 C.18 1.5 1.6 2.6 M.1
201-220/18;2a1bb60b-9728-41da-b4cc-4cf2cc4b85b7;service;5;C.1 C.17 3.1 3.4 3.8
201-220/20;af0a8b4f-acf0-4e0f-8552-feb23b94f835;service;4;C.5 C.17 3.1 3.8
201-220/10;336dcd5e-736a-4f83-a7cc-3bbc7e945dee;service;6;C.5 C.6 C.17 3.1 3.6 3.8
201-220/13;c1cd83ff-cdc6-4bf1-b16f-1bfd08a980c7;service;5;C.5 C.17 3.1 3.6 3.8
201-220/8;a2533d33-5966-45f5-b237-0c178af9394f;dataset;6;C.5 C.6 C.17 C.18 1.6 2.6
201-220/16;c41150ff-452e-4185-addc-97ccb2abe4ed;service;4;C.5 C.17 3.1 3.8
201-220/19;8b384c30-3537-4f66-9fcf-d51ef08bf555;service;6;C.5 C.6 C.17 3.1 3.6 3.8
21-40/1;3239754a-7f40-4f57-a302-4370081122b9;dataset;11;C.1 C.5 C.6 C.17 C.18 C.22 1.6 2.1 2.3 2.4 2.6
21-40/10;a338db6d-d43f-45fc-b1a7-3e644e9e31e4;dataset;11;C.1 C.5 C.14 C.17 C.18 C.22 1.6 2.1 2.3 2.4 2.6
21-40/13;9f244e29-ab56-45cd-845f-c36e483ca3dd;dataset;12;C.1 C.5 C.14 C.17 C.18 C.22 1.6 1.8 2.1 2.3 2.4 2.6
21-40/12;bd033893-e3dd-421c-bfad-e15ee4b3de38;dataset;10;C.1 C.5 C.17 C.22 1.6 1.8 2.1 2.3 2.4 2.6
201-220/9;11c40107-de11-4be2-8238-12a756daea64;service;5;C.5 C.17 3.1 3.6 3.8
21-40/16;556486eb-d32f-4f14-a268-dede9004798f;dataset;12;C.1 C.5 C.14 C.15 C.17 C.18 C.22 1.6 2.1 2.3 2.4 2.6
21-40/15;545f972e-8f67-4db4-84cf-8b56c84ea504;dataset;10;C.1 C.5 C.17 C.18 C.22 1.6 2.1 2.3 2.4 2.6
21-40/18;dd7b3255-bf2a-47e3-8096-b9c1fdc35833;dataset;14;C.1 C.5 C.14 C.15 C.17 C.18 C.22 1.4 1.6 1.8 2.1 2.3 2.4 2.6
21-40/11;702e5406-89a6-4c7e-8423-831a74b93690;dataset;12;C.1 C.5 C.17 C.18 C.22 1.4 1.6 1.8 2.1 2.3 2.4 2.6
21-40/19;9a410a16-96c5-4688-9933-945270a4a509;dataset;12;C.1 C.5 C.14 C.15 C.17 C.18 C.22 1.6 2.1 2.3 2.4 2.6
21-40/14;9cf164ed-3f8f-4a97-8b91-da7d294fc184;dataset;8;C.1 C.5 C.17 C.22 1.6 2.1 2.3 2.4
21-40/3;48948e2f-e0ae-4f23-bfb9-bbfc0ae2b196;dataset;12;C.1 C.5 C.14 C.17 C.18 C.22 1.4 1.6 2.1 2.3 2.4 2.6
21-40/17;b72bf379-d318-47da-b9be-97ff33d08518;service;4;C.5 C.17 3.1 3.8
21-40/6;de1bbdb0-2fcc-4bf8-8d3d-884c5d237328;dataset;13;C.1 C.5 C.6 C.14 C.15 C.17 C.18 C.22 1.6 2.1 2.3 2.4 2.6
21-40/2;6ef7ef17-1446-4900-ba7e-b58c12a764f0;dataset;12;C.1 C.5 C.14 C.17 C.18 C.22 1.4 1.6 1.8 2.1 2.3 2.4
21-40/20;59b1a01f-0cf0-4ba6-9c3d-8fbfebea0be2;dataset;9;C.1 C.5 C.17 C.22 1.6 2.1 2.3 2.4 2.6
21-40/9;f91d8d20-9907-481e-8863-ecd123041036;dataset;10;C.1 C.5 C.17 C.18 C.22 1.6 2.1 2.3 2.4 2.6
21-40/5;a871e60f-58a1-4aa4-a061-a8b1f3ac4b50;dataset;11;C.1 C.5 C.14 C.15 C.17 C.18 C.22 1.6 2.1 2.3 2.4
21-40/4;5a533547-df11-4011-b644-a07879ac320f;dataset;8;C.1 C.5 C.11 C.17 C.18 C.22 1.6 2.4
21-40/7;89a6b153-960c-4cc2-baed-e361ca84782b;dataset;7;C.1 C.5 C.17 C.18 C.22 1.6 2.4
21-40/8;b7029532-fc5f-4417-9787-9457f9c6b1c2;dataset;7;C.1 C.5 C.17 C.18 C.22 1.6 2.4
221-240/1;cb0b5578-5b5c-4fe1-a124-62d9377c3c1f;dataset;12;C.1 C.5 C.17 C.18 1.4 1.6 1.10 1.11 2.1 2.3 2.4 2.6
221-240/2;8f0fff4b-a84a-46a0-af44-3f288c06a50a;dataset;10;C.1 C.11 C.16 C.17 C.18 1.4 2.1 2.3 2.4 2.6
221-240/19;12a28619-643f-4110-a52e-a936e3220975;service;3;C.6 3.5 4.1
221-240/20;20032d10-29c8-446c-af61-05eae2d9ee6d;series;3;C.1 C.14 C.19
241-260/15;72baf34e-6882-43b1-8383-788d7a1c5d6e;dataset;8;C.5 C.10 C.17 1.4 1.6 1.10 2.4 M.1
281-300/16;e5eafaa2-1cb0-4620-9a80-dfc939453afe;service;2;C.17 C.18
301-320/12;c3a25276-20fe-4461-a738-f9cdd502ed3e;service;5;C.5 C.17 3.1 3.6 3.8
301-320/15;1f595742-812e-4ebd-b5e8-4490b9addc86;series;3;C.17 C.18 2.4
301-320/20;16763acc-4d7a-4bbd-96ad-9a684066954b;series;3;C.17 C.18 2.4
301-320/5;be65ddc5-9007-4daf-8d1e-ff63c92f784f;series;6;C.1 C.17 C.18 1.9 2.4 2.6
281-300/9;65dfeec3-c761-42b7-9743-95b4cd580776;service;5;C.5 C.6 C.17 3.1 3.8
301-320/8;c998d2aa-45c0-4705-8a72-a65293cfcb5d;service;4;C.5 C.17 3.1 3.8
301-320/11;bd5f8911-1184-4f4a-be4f-6e6a088cc7df;service;4;C.5 C.17 3.1 3.8
281-300/8;67f4eb88-5503-4fb7-9b62-43bef7b5cf19;dataset;1;C.17
301-320/10;31385779-5cbc-47d7-8939-22e72bec740d;service;4;C.5 C.17 3.1 3.8
301-320/14;3b4ae72f-85a6-4e17-ae6d-2bf700f276e7;dataset;4;C.17 C.18 1.8 2.4
301-320/17;4fbcaf51-2980-4f77-b144-495f09a3776b;service;4;C.5 C.17 3.1 3.8
301-320/13;449f74d9-8491-4b37-bf9d-e90f387dd25e;service;6;C.1 C.5 C.15 C.17 3.1 3.8
301-320/16;149ede66-627b-439f-b478-69ad4c6df218;dataset;3;C.17 C.18 2.4
301-320/4;f4c43da3-ab21-4cc5-8284-df4dfa54f7ba;series;3;C.17 C.18 2.4
301-320/7;5a326252-c110-47eb-979a-14caa874d69f;service;5;C.5 C.15 C.17 3.1 3.8
301-320/6;97019cc3-6bc4-4c64-b6b8-a3bf013a0cdb;service;4;C.5 C.17 3.1 3.8
301-320/9;bd12358e-e2dc-4ae2-9907-f5b10ce173b3;service;4;C.5 C.17 3.1 3.8
321-340/20;eca4aba3-d145-46f7-9547-a2ccfe4bf1b3;dataset;12;C.1 C.5 C.17 1.3 1.4 1.6 1.10 1.11 2.1 2.3 2.4 2.6
361-380/12;b79efd56-a40c-47ab-94a1-319c045c3462;dataset;4;C.1 C.6 C.17 1.6
361-380/15;e3159665-4564-4351-8f1b-7e4a1d0b54dc;series;3;C.17 C.18 2.4
361-380/18;7d72dce5-e804-4140-b9db-ddcae673f436;dataset;5;C.1 C.17 1.10 2.4 M.1
361-380/20;42202fd4-07ed-4a86-8100-d2d1d1e71ad1;dataset;5;C.1 C.17 1.5 2.4 M.1
361-380/14;1ab5e759-db0e-4043-b676-066c1100ad5c;dataset;2;C.17 2.4
361-380/17;d284d9bb-342e-4adc-9816-f1a0478caf0c;dataset;1;C.17
361-380/10;e8cceb15-7992-46c9-95ae-36cdb7c6fdf2;service;11;C.5 C.6 C.8 C.9 C.10 C.17 3.2 3.4 3.5 3.8 4.1
361-380/13;ceedcf2e-0229-404c-ae71-1c1b42ca5179;series;3;C.17 C.18 2.4
361-380/4;16aaac1d-f4c8-401b-aba7-8c7d1f8f0085;dataset;11;C.1 C.5 C.17 1.4 1.6 1.10 1.11 2.1 2.3 2.4 2.6
361-380/16;6e672d59-bc1a-479b-9db2-182f2fd97928;series;4;C.17 C.18 1.9 2.4
361-380/19;e66327c6-6215-44ee-98a2-d486511ab50d;dataset;3;C.17 C.18 2.4
381-400/1;1e3b0fd5-34aa-499b-8d6d-973823c760d7;dataset;1;C.17
381-400/6;d0f47bd4-02d1-4a32-86a4-4ff7951a03ee;;14;C.8 C.9 C.10 C.17 1.1 1.2 1.4 1.6 1.7 1.9 1.10 1.11 2.4 2.6
361-380/9;e7c72b03-bcc8-4691-80fd-dadec60416a0;dataset;10;C.5 C.17 C.20 C.21 C.22 1.6 1.7 1.10 2.4 2.6
381-400/9;ec20cca8-36f4-45b3-9133-d8e62bae3123;series;1;C.1
381-400/5;02c6bebb-fcd0-4fe4-b873-ef835854c401;service;5;C.5 C.17 3.1 3.6 3.8
381-400/2;88304412-26e9-456d-a32c-1189cbc08202;dataset;4;C.17 1.8 2.4 M.1
381-400/4;ce50181a-166b-4bd4-a97e-bb894bdb0325;series;3;C.17 C.18 2.4
381-400/8;b57b2ef0-62f7-4bc1-9bf7-44e4a7384293;dataset;9;C.5 C.6 C.17 1.4 1.6 2.1 2.3 2.4 2.6
381-400/7;3fa1beeb-ea6b-42b1-8e76-eb2bc8ac6d24;dataset;1;1.11
41-60/1;0d37d33d-86bc-49cc-9b4b-4d1f005ace56;dataset;10;C.1 C.5 C.17 C.18 C.22 1.6 2.1 2.3 2.4 2.6
41-60/12;9255fc99-47b0-41bf-8a31-ec3afc83d8c6;dataset;9;C.5 C.6 C.17 C.18 1.6 2.1 2.3 2.4 2.6
41-60/15;61981e74-aeb9-48ce-af1f-704357126893;dataset;8;C.5 C.17 C.18 1.6 2.1 2.3 2.4 2.6
41-60/18;86af8de7-2757-4793-8957-6d22e6a5d0d5;dataset;7;C.5 C.17 1.6 2.1 2.3 2.4 2.6
41-60/20;5717710c-ff4c-4682-aa06-3e7aaab1d211;service;5;C.5 C.17 C.18 3.1 3.8
41-60/5;3875b3ef-21ea-4a0b-b7fb-50aaa9a8ab85;dataset;11;C.1 C.5 C.14 C.17 C.18 C.22 1.6 2.1 2.3 2.4 2.6
41-60/11;f6c316aa-283a-4621-a50f-e3ff4f2ddb83;dataset;9;C.1 C.5 C.17 C.22 1.6 2.1 2.3 2.4 2.6
41-60/8;5184671b-3926-4389-b187-aebbd44433cb;dataset;12;C.1 C.5 C.6 C.14 C.15 C.17 C.18 1.6 2.1 2.3 2.4 2.6
41-60/10;caccbd80-e20e-4c36-a6ab-3eea5b45e2c0;dataset;8;C.1 C.5 C.6 C.17 C.18 C.22 1.6 2.4
421-440/10;03acb97d-3555-4871-804e-c516bb1a182e;series;3;C.17 C.18 2.4
41-60/14;3e67671e-2545-4689-bad6-dbe1049dc6d2;dataset;9;C.5 C.6 C.17 C.18 1.6 2.1 2.3 2.4 2.6
41-60/17;24460d92-e93a-486c-9144-b4b6b5a71f88;dataset;9;C.5 C.15 C.17 C.18 1.6 2.1 2.3 2.4 2.6
41-60/13;a80a438e-7ad2-4b36-989a-15ba837bb48f;dataset;8;C.5 C.17 C.18 1.6 2.1 2.3 2.4 2.6
421-440/13;33793bcb-497b-40f3-9280-f6168527cde4;series;3;C.17 C.18 2.4
41-60/2;8217b9af-6af8-4c29-aea7-4ae5073023c9;dataset;13;C.1 C.5 C.6 C.14 C.15 C.17 C.18 1.6 1.9 2.1 2.3 2.4 2.6
41-60/16;fb1e4dc1-83fe-4969-8c65-a98046c812d6;service;5;C.5 C.17 3.1 3.4 3.8
41-60/19;fe251bd3-c108-4995-b028-89dbe7186a07;service;5;C.5 C.17 C.18 3.1 3.8
421-440/16;fb61071b-3038-495c-8985-08fb91027c0b;series;2;C.17 2.4
41-60/4;a78462ce-4f46-4f93-ad22-bc28ad12edf4;dataset;10;C.1 C.5 C.17 C.18 C.22 1.6 2.1 2.3 2.4 2.6
41-60/7;e576d278-904c-4acb-9652-5ccc89a5cfed;service;4;C.5 C.17 3.1 3.8
421-440/19;99b7632a-8ded-40d6-a5e6-d8722a0d70f9;series;3;C.17 C.18 2.4
41-60/3;dfc4522b-b2c5-4c79-864f-4f993b4c4749;dataset;12;C.1 C.5 C.14 C.15 C.17 C.18 C.22 1.6 2.1 2.3 2.4 2.6
41-60/6;9c8d1313-02c4-4989-b617-e830ae1963da;dataset;11;C.1 C.5 C.17 C.18 C.22 1.6 1.8 2.1 2.3 2.4 2.6
421-440/12;d1fe1296-6e6d-4963-8e68-a5013baf5c8e;dataset;6;C.1 C.17 1.8 1.10 2.4 M.1
41-60/9;a121d6f8-a5f8-4e67-880a-d5981853c9a1;dataset;8;C.1 C.5 C.6 C.17 C.18 C.22 1.6 2.4
421-440/11;f8621d21-4a0c-4910-843c-9473c6963457;series;3;C.17 C.18 2.4
421-440/9;f5289a36-5ed5-44ef-ab91-e0c2453148d4;dataset;3;C.17 2.4 M.1
421-440/15;e4a6ef11-5703-4d42-b888-913ba0630f10;series;5;C.1 C.17 C.18 1.10 2.4
441-460/11;4898607d-b82e-43e3-a087-38f6c579e988;dataset;3;C.17 C.18 2.4
421-440/18;a5ee6efa-077f-424c-97d1-9159a512ba11;series;3;C.17 C.18 2.4
421-440/14;5a3cf71d-486d-4037-b247-559ef616d8fd;dataset;3;C.17 2.4 M.1
421-440/20;0144ebab-bac2-49a9-8a4e-cfab6c87312b;dataset;2;C.17 2.4
421-440/17;acc46b3e-bb9a-44f3-8e7a-a5b31ba88866;series;3;C.17 C.18 2.4
441-460/14;63ac4ea4-be2c-4f79-8c44-6d2927aee17c;dataset;3;C.17 2.4 2.6
441-460/17;3e744f67-6cac-49d4-8d11-0ff6631d162a;dataset;5;C.10 C.17 C.18 1.8 2.4
441-460/2;15b55881-ce52-4365-a8fc-9ead9f442dd7;service;1;C.17
441-460/4;ed23a3e9-559c-4a8d-b3be-f6ea8803c132;service;3;C.13 C.17 3.4
441-460/10;5d2fe968-f0dd-48fe-8d2b-34dc2e2fd77e;service;1;C.17
441-460/1;c0b0b4e5-6e38-49fc-9876-f2483b3af979;service;1;C.17
441-460/7;5db8b2fd-3a05-422f-b008-0d86bda2d17a;service;2;C.13 C.17
441-460/13;2bed14b7-0859-44fb-897a-8f2fae5d77a2;dataset;3;C.17 2.4 2.6
441-460/12;47722710-bcc0-42ea-be0c-e40f1b03a1d2;dataset;2;C.17 2.6
461-480/1;70c8c42a-9344-462b-b50c-21960aa808ef;dataset;10;C.1 C.5 C.6 C.14 C.15 C.17 C.18 1.6 1.10 2.6
441-460/15;25355a1b-b2f0-43ba-a246-0512579d7e39;dataset;4;C.17 C.19 2.4 2.6
441-460/16;cb11c6ba-4c8d-477f-8856-e16069785cf3;service;1;C.17
461-480/12;4ef7fe0e-2741-4942-b75a-91050e326c34;series;3;C.1 C.14 C.19
441-460/19;e0fb3bc2-b3ec-456f-87cb-a23664d75c02;dataset;6;C.10 C.17 C.18 1.4 2.4 2.6
441-460/3;fc28538a-2770-4a4c-a949-39de7c336a0d;service;1;C.17
441-460/18;d8f0ac29-dd9a-4746-bb0a-f75d9224fe0c;dataset;8;C.10 C.13 C.17 C.18 1.4 1.8 2.4 2.6
441-460/20;b56b0f29-9488-40c2-b1c9-7c758aa3f4f1;dataset;6;C.10 C.17 C.18 1.8 2.4 2.6
461-480/15;89ae2004-896b-4afc-b56a-ec2e085b7159;service;1;C.17
441-460/6;64cb5a64-27a8-4b28-83fd-88519ab1116f;service;1;C.17
461-480/18;67668859-4745-49eb-9ab1-872cb4750fbb;dataset;8;C.16 C.17 C.18 1.11 2.1 2.3 2.4 2.6
441-460/9;0592d1ef-c369-4f70-bfd9-1f38c1b1b9b3;service;1;C.17
441-460/5;2d94deb6-5cf7-4a9c-ab9e-8874dd232442;service;3;C.13 C.17 3.4
461-480/14;a84f9a49-5e5e-44ac-b429-314496883296;service;2;C.1 C.17
461-480/20;fb086a1e-1932-4d73-9f12-36715f3822a4;dataset;5;C.17 2.1 2.3 2.4 2.6
461-480/17;f7ba1d96-600e-4a06-a2b7-0a0e7a8973d5;service;2;C.17 C.18
461-480/2;52d5be24-b8b8-49c2-bccc-e495610c6258;dataset;10;C.1 C.5 C.17 C.18 1.5 1.6 2.1 2.3 2.4 2.6
461-480/8;a122f1b0-c65d-4d9f-a7c6-b0d02da518dc;series;3;C.1 C.14 C.19
461-480/10;1f9e295c-37b0-4729-89f1-12656540f9d5;dataset;3;C.17 C.18 2.4
461-480/13;ecc33b6c-ee53-409e-b901-b438c4cf486d;service;2;C.17 C.18
481-500/10;174d2b17-0087-450f-a17d-486cb57a7f02;dataset;8;C.1 C.11 C.17 C.18 2.1 2.3 2.4 2.6
461-480/16;15298bed-01ca-45b0-8ec7-e0960e88626b;service;2;C.1 C.17
481-500/1;460257fa-4770-419e-b573-045b819b31a9;dataset;7;C.16 C.17 C.18 2.1 2.3 2.4 2.6
481-500/13;1fd2501a-1f49-4c93-939a-5f3b8216d16d;dataset;4;C.17 C.18 2.4 2.6
481-500/12;1f88908d-a473-46a8-a924-cf9795e5e5f3;service;2;C.17 3.4
461-480/19;91dc63ad-7204-4d60-a7dc-77f973073a15;dataset;6;C.6 C.10 C.17 C.18 2.4 2.6
461-480/3;2fd62c5b-07f0-49c4-964d-3fd567636794;dataset;10;C.1 C.5 C.17 C.18 1.5 1.6 2.1 2.3 2.4 2.6
481-500/16;2c7ca8c6-a47d-4209-8696-6545f2fae8b7;dataset;3;C.17 2.4 2.6
481-500/15;ae297210-5fb2-425e-b85f-a3e76003ba50;dataset;6;C.16 C.17 C.18 1.9 2.4 2.6
461-480/9;aad7798b-3d41-4c8e-b232-aa17ea2c8a7b;dataset;1;C.17
481-500/18;ad7a0bdd-eb14-4545-b76a-2b3f37733328;dataset;4;C.17 C.18 2.4 2.6
481-500/3;d4b851a5-81f5-4a02-9d35-f62e40068b1d;dataset;6;C.10 C.17 C.18 1.8 2.4 2.6
481-500/11;58440189-8048-45aa-81d2-4604a471d179;service;2;C.17 3.8
481-500/6;50e68f6f-f543-456e-98f9-63a103be1e5c;dataset;10;C.1 C.11 C.15 C.16 C.17 C.18 1.4 1.9 1.11 2.6
481-500/5;31025f4c-9041-4131-aa5d-e9ddd4bb694c;dataset;7;C.13 C.17 1.4 2.1 2.3 2.4 2.6
481-500/14;b24ee665-4b2b-4d4b-bbff-135c20180d1d;dataset;5;C.17 C.18 1.9 2.4 2.6
481-500/9;5d96bc43-9902-40a7-870d-94e2fc48ebcd;dataset;5;C.17 2.1 2.3 2.4 2.6
481-500/17;9f224eb0-92e9-4237-8ea1-24a853093a3c;dataset;6;C.17 C.18 2.1 2.3 2.4 2.6
481-500/8;9879004b-1316-4781-b80f-9939cdf7c1eb;dataset;6;C.17 C.18 2.1 2.3 2.4 2.6
481-500/2;26f20f44-587c-4344-97e8-9f4d5ec63ff0;dataset;7;C.6 C.10 C.17 C.18 1.8 2.4 2.6
481-500/4;4c0a7ad4-bdeb-4960-8b1d-db7f202407b0;service;2;C.17 C.18
481-500/7;cbaa01df-5b4a-465a-b2b8-13b4ec2080f8;dataset;4;C.1 C.15 C.17 1.4
521-540/12;99947ea2-bfe7-48c6-82fb-a136afaa7325;dataset;3;C.17 2.4 2.6
501-520/3;e7cba4f8-6de9-468d-8ca4-453995f0e357;dataset;9;C.5 C.17 1.3 1.4 1.6 1.8 1.10 1.11 2.6
501-520/6;468f8391-b83f-4ee4-a1f5-b9aecc56a540;service;2;C.17 C.18
501-520/5;bcceca52-10fa-4150-8544-bac046de7f77;dataset;3;C.1 C.14 C.22
521-540/13;85684897-0a40-42e3-845e-5f9a8c0450b7;dataset;9;C.1 C.5 C.6 C.17 C.19 1.5 1.6 2.4 2.6
541-560/18;1abaf0db-c4b9-4da8-9cc0-9484344c9e4f;dataset;5;C.17 C.18 1.8 2.4 2.6
541-560/16;fe985c35-c55b-43c3-8d14-8848bce94819;service;1;C.17
541-560/20;ee6f7418-376a-4d14-8ee7-85218b1a2fa6;dataset;4;C.17 1.8 2.4 2.6
541-560/19;28611c50-2827-4577-bea1-6c91ca71462f;dataset;4;C.17 1.8 2.4 2.6
541-560/17;ea4b4045-6b34-42a7-9859-3a0bdc473f23;service;4;C.17 C.20 C.21 C.22
561-580/10;d992ef62-329b-45fd-8c87-dbbc8f0099fe;dataset;7;C.1 C.11 C.12 C.17 C.18 2.4 2.6
561-580/11;859de0e1-f189-49ae-8e89-dd2eae806a07;dataset;5;C.15 C.17 C.18 2.4 2.6
561-580/13;f7fa6b78-8dce-4685-8486-ecd6942addcc;dataset;6;C.1 C.11 C.17 1.11 2.4 2.6
561-580/16;d8cc2edf-c1b9-4d3b-8cd6-257ed5b47f56;service;1;C.17
561-580/14;1610bd04-6324-4eeb-beb6-7e42398ab189;service;1;C.17
561-580/19;b6e46a2c-e311-42e9-9ad4-17b65dcc3893;dataset;2;C.17 C.18
561-580/17;83e32d31-cd73-483e-8f4b-9f3299a8f9e8;dataset;4;C.17 C.19 2.4 2.6
561-580/2;8faff6f0-8aeb-4a92-9ce8-353e9d130bab;dataset;5;C.17 C.18 1.8 2.4 2.6
561-580/1;d527c231-0c7f-4ef0-89df-e5a34888caa4;dataset;3;C.17 2.4 2.6
561-580/12;fac7ea40-3cf0-4348-acd9-ea4d86ecae10;dataset;4;C.10 C.17 2.4 2.6
561-580/15;b2854b2e-f543-4be6-95e1-bee064a1fea2;service;1;C.17
561-580/9;8fba4eea-9cb1-402d-bc72-c1a1bf3894a5;dataset;4;C.17 C.18 2.4 2.6
561-580/7;48f88cdd-5cd8-4baa-a983-33162b796116;service;7;C.17 C.18 C.20 C.21 C.22 3.6 3.8
561-580/18;42aa11c6-86cc-41be-84fc-9c24afbad40f;service;1;C.17
581-600/11;b31d8059-1660-4d1f-9d40-8b14bad0870a;dataset;7;C.15 C.17 C.18 2.1 2.3 2.4 2.6
581-600/1;d62a6a68-03fe-406b-828c-5f5bf87537b3;dataset;8;C.1 C.17 C.18 1.5 2.1 2.3 2.4 2.6
581-600/14;34b0ab4d-ea8a-47c0-8ea4-6598e3a35f90;dataset;17;C.5 C.10 C.17 C.19 C.20 C.21 C.22 1.3 1.4 1.6 1.7 1.10 1.11 2.1 2.3 2.4 2.6
581-600/12;10113f54-dab4-41f8-9d8f-402288d661a7;dataset;6;C.17 1.4 2.1 2.3 2.4 2.6
561-580/20;9266cc13-8404-4324-8cdd-b232a402fcaf;dataset;8;C.1 C.17 C.18 1.5 2.1 2.3 2.4 2.6
561-580/8;f92681a6-6fc5-42a6-8f8a-92f6f5099dc7;service;7;C.17 C.18 C.20 C.21 C.22 3.6 3.8
581-600/2;4228af6c-b2f9-45ea-b46d-e10fab5ba16c;dataset;4;C.17 C.18 2.4 2.6
581-600/10;909cf5a9-f39b-4869-8484-6709585111d9;dataset;3;C.17 2.4 2.6
601-620/8;8415de65-cd16-4ad5-8ad6-97e7f8c1543a;dataset;3;C.17 C.18 2.4
61-80/11;d86e3b0c-7738-47ce-bb9d-d0e48e271879;service;5;C.5 C.15 C.17 3.1 3.8
601-620/7;62155c30-8742-4ce8-8400-171741486db9;dataset;12;C.1 C.5 C.6 C.14 C.15 C.17 C.18 C.22 1.6 2.1 2.3 2.4
61-80/10;3bdf347e-fcea-43e7-ac2f-4791c067ca77;service;9;C.1 C.5 C.6 C.17 3.1 3.8 5.2 5.4 5.5
61-80/14;eaaeb996-11d2-4784-8876-ff641cfcf042;dataset;9;C.5 C.15 C.17 C.18 1.6 2.1 2.3 2.4 2.6
61-80/13;2a9d0d72-2394-4740-b98f-7f615a925fbb;service;13;C.1 C.5 C.6 C.8 C.9 C.10 C.14 C.17 3.2 3.4 3.5 3.8 4.1
61-80/1;40450fa6-6cf3-422f-875a-612f56b1fca2;dataset;13;C.1 C.5 C.14 C.16 C.17 C.18 C.22 1.4 1.6 2.1 2.3 2.4 2.6
61-80/12;2a4b39a1-c14d-421e-865e-199fe5f64387;service;6;C.5 C.6 C.17 3.1 3.4 3.8
61-80/16;f81309eb-218d-4ccf-8672-2336ea2e14e1;dataset;9;C.5 C.15 C.17 C.18 1.6 2.1 2.3 2.4 2.6
61-80/17;bb7afec2-1e3c-48a5-bc32-88174451b1f4;dataset;9;C.1 C.5 C.6 C.14 C.17 C.18 1.6 2.4 2.6
61-80/2;61ac1c58-a51c-4354-9c02-daa65f06b435;dataset;11;C.1 C.5 C.14 C.17 C.18 C.22 1.6 2.1 2.3 2.4 2.6
61-80/15;c752a9a1-9ab5-49ad-ad47-2a9d8b9c92a7;dataset;8;C.1 C.5 C.6 C.17 1.6 1.10 2.4 2.6
61-80/19;5b68d9de-5cec-4446-aeb2-a8bd2d770979;dataset;5;C.5 C.17 1.6 2.4 2.6
61-80/18;140fab11-27eb-4b32-a7ad-e9afc88db541;service;4;C.5 C.17 3.1 3.8
61-80/3;ea47881e-6444-4735-b789-701ef46467f5;dataset;12;C.1 C.5 C.14 C.15 C.17 C.18 C.22 1.6 2.1 2.3 2.4 2.6
61-80/4;20c4d1cc-8ee4-48ba-a7b7-396e0ea171f8;dataset;12;C.1 C.5 C.14 C.15 C.17 C.18 C.22 1.6 2.1 2.3 2.4 2.6
61-80/7;71eeacd0-fb3c-4e61-a6af-52c4b7bd6501;dataset;6;C.5 C.6 C.17 1.6 2.4 2.6
61-80/20;620dbb8a-90ef-4f4f-aa69-5f53ac65d35f;dataset;7;C.5 C.6 C.17 C.18 1.6 2.4 2.6
61-80/6;119159cd-e636-4b37-a5b2-3c500d58872f;dataset;7;C.5 C.6 C.17 1.6 1.11 2.4 2.6
61-80/9;a91f2ae6-ec01-457b-9b24-771cda754e59;dataset;6;C.5 C.6 C.17 1.6 2.4 2.6
61-80/5;e1b56d16-1e6d-420c-93b5-c3568a2f8295;dataset;13;C.1 C.5 C.14 C.17 C.18 1.5 1.6 1.10 1.11 2.1 2.3 2.4 2.6
621-640/14;7a492bca-7107-4ed4-a4ca-4e951cb8bcea;series;3;C.13 C.17 1.7
61-80/8;b33aafb9-4280-4496-970f-fd5b0aec0886;dataset;7;C.5 C.6 C.17 C.18 1.6 2.4 2.6
621-640/15;0e445a90-8efb-4934-b838-8517f1ce3e98;series;3;C.13 C.17 1.7
621-640/10;9700a670-a83a-46cd-b670-9903761151ad;dataset;12;C.17 C.18 C.20 C.21 C.22 1.4 1.9 1.10 2.1 2.3 2.4 2.6
621-640/18;2e24985d-18ad-48de-afa4-9a7f6b444971;service;5;C.5 C.17 3.1 3.6 3.8
621-640/17;e40b5837-c714-4eb9-8294-2549b83e7d60;dataset;3;C.5 C.6 1.6
621-640/13;36385ae8-d6c3-4b97-b74e-bc6ee173fbba;series;4;C.13 C.17 C.18 1.7
621-640/20;5098a458-cb42-47b0-a0de-e1f8a9f89337;dataset;3;C.13 C.17 1.7
621-640/5;aa5d9171-1f47-4434-bd28-183ebe2117a1;series;1;C.1
621-640/16;03e4a0d0-ee3d-4664-a612-bdf5046679fc;series;5;C.12 C.13 C.17 C.18 1.7
621-640/8;9e5a9a2c-dc28-44d0-a88d-1ac49979130e;series;3;C.17 C.18 2.4
641-660/1;2867c909-3b16-46ce-9b65-52210dc9bad0;service;2;C.17 C.18
641-660/12;487938df-0e24-4871-8207-1bd448a3d8db;dataset;10;C.1 C.11 C.15 C.16 C.17 C.18 1.4 1.9 1.11 2.6
641-660/13;a001d427-cbf8-4830-81da-1bff5d095f1e;dataset;5;C.17 2.1 2.3 2.4 2.6
641-660/20;2f1656f0-5a3f-4600-8dc0-ef4dba4d015f;dataset;11;C.1 C.5 C.17 C.18 C.22 1.6 1.8 2.1 2.3 2.4 2.6
641-660/11;6fbbfd16-b5fe-4e8c-bac6-50c5ad5b054e;series;4;C.17 C.18 2.4 2.6
641-660/3;706939ba-5c1c-40ee-92af-6802902f409b;dataset;10;C.1 C.5 C.14 C.15 C.17 C.18 C.22 1.6 2.4 2.6
641-660/6;a31598a2-41a6-4386-8ac0-d06bc28e1694;service;6;C.1 C.5 C.6 C.10 C.17 3.8
641-660/8;46f6c8b6-bf53-47e1-80f2-f6873192d23e;dataset;11;C.1 C.5 C.6 C.17 C.18 C.22 1.6 2.1 2.3 2.4 2.6
641-660/17;a85ac737-2352-434d-a85f-e2ed617be133;service;6;C.5 C.16 C.17 C.18 3.1 3.8
641-660/2;cde8fd51-36dc-4f27-8489-15b8a2170183;dataset;9;C.5 C.15 C.17 C.18 1.6 2.1 2.3 2.4 2.6
641-660/4;ba3ba71c-0cd8-4659-bdeb-06f5f7d1ec8e;dataset;9;C.5 C.15 C.17 C.18 1.6 2.1 2.3 2.4 2.6
661-680/1;e99cf873-ccb3-47f0-b298-261b5d23e8f8;dataset;10;C.1 C.5 C.17 C.18 C.22 1.6 2.1 2.3 2.4 2.6
661-680/19;06ade9f0-7a81-48dd-95cf-daffa000ee3d;service;6;C.1 C.5 C.6 C.17 3.1 3.8
661-680/3;88076ac9-efcd-4a9b-8047-27aa13858ae2;service;4;C.5 C.17 3.1 3.8
661-680/6;c5772b90-47bc-415f-97f9-c7ba9aa0b511;dataset;7;C.5 C.17 1.6 2.1 2.3 2.4 2.6
661-680/7;941d00d7-edc9-498b-b26d-74462a528929;dataset;10;C.1 C.5 C.17 C.18 C.22 1.6 2.1 2.3 2.4 2.6
661-680/18;7eef345a-b263-43c4-a200-ccb78c0fcedd;dataset;9;C.5 C.6 C.17 C.18 1.6 2.1 2.3 2.4 2.6
681-700/14;9f985acf-9a3e-47e7-9136-b5114adfc9d0;service;6;C.5 C.6 C.17 3.1 3.6 3.8
681-700/15;1b84c43d-1c80-47a1-bfed-ae0783295ba3;dataset;3;C.17 2.4 2.6
681-700/2;777923f7-9ff9-447b-9e68-d05548444aa4;dataset;11;C.1 C.5 C.17 C.18 C.22 1.6 1.8 2.1 2.3 2.4 2.6
681-700/7;fdca5145-bc5d-4c67-b029-99a2d5801d9e;dataset;9;C.5 C.17 C.18 1.6 1.9 2.1 2.3 2.4 2.6
681-700/5;62ff4f5c-5962-4217-9c73-adfafb8e48c1;service;4;C.5 C.17 3.1 3.8
681-700/8;af5d1ee3-f16e-4843-8c66-7c3f6bd011f2;dataset;12;C.1 C.5 C.12 C.14 C.17 C.18 1.6 1.8 2.1 2.3 2.4 2.6
701-720/12;7c1e3ad9-5d1f-4328-83c9-dcc11ae5b042;service;5;C.5 C.10 C.17 3.1 3.8
701-720/13;8f0f1034-fcf1-4cbc-86c3-21840d53c108;dataset;10;C.5 C.6 C.17 C.18 1.6 1.9 2.1 2.3 2.4 2.6
681-700/6;52c242f1-07d4-4a43-a0f0-a4188b5a03ef;service;1;C.17
701-720/18;15dca649-1024-43c5-969d-e76bd9909dad;service;4;C.5 C.17 3.1 3.8
681-700/9;49b35f9c-4214-47e1-ac69-121e837d726c;service;4;C.5 C.17 3.1 3.8
701-720/6;0188fde4-000b-43b6-94f9-b4a7ef5ed5a4;service;6;C.5 C.6 C.17 3.1 3.6 3.8
721-740/10;f3496a2f-5fc3-4710-93e3-d7a689c3cd84;series;3;C.17 C.18 2.4
701-720/9;794ef9d9-b8a8-4691-8bd9-c0812f44f5ff;dataset;9;C.5 C.14 C.17 C.18 1.6 2.1 2.3 2.4 2.6
721-740/13;4e335194-7b87-45c5-ad4f-792baaf90433;dataset;1;1.8
721-740/14;e13e0866-4d2a-4c42-8c48-0163057986c7;service;2;C.17 3.6
701-720/4;27227bbc-d953-4330-ac39-0099e832a967;dataset;3;C.17 2.4 M.1
701-720/7;1279c777-b3d5-4825-a95c-752ca8438d56;dataset;7;C.5 C.6 C.15 C.17 C.18 1.6 2.6
721-740/2;82057d8a-6a13-4a43-a6f3-bb368bf8c8b0;service;4;C.5 C.17 3.1 3.8
721-740/1;a9b7081a-8177-4497-bf0e-f4b175656c15;service;4;C.5 C.17 3.1 3.8
741-760/11;2f5b5311-ad19-437c-891d-a703bbd0bf97;dataset;3;C.17 2.4 2.6
741-760/14;f9f962c0-6db2-4b39-8df9-5fa7e3a8fd59;dataset;11;C.1 C.5 C.17 C.18 C.22 1.6 1.8 2.1 2.3 2.4 2.6
741-760/12;975f698a-c4de-44ee-84f3-6afdd5154aab;dataset;3;C.17 2.4 M.1
741-760/17;d9e7016a-7e60-4f66-98d2-ccf8f64bbdd5;dataset;9;C.1 C.5 C.17 C.22 1.6 2.1 2.3 2.4 2.6
741-760/15;a843b486-23bf-42f4-901b-9cdb78ebde63;dataset;7;C.5 C.17 1.6 2.1 2.3 2.4 2.6
741-760/4;8e11426f-6a27-4f6a-bd1c-814dc23c41a4;dataset;10;C.1 C.5 C.14 C.17 C.18 C.22 2.1 2.3 2.4 2.6
741-760/20;629db6cb-7542-4dba-98a4-aaa813d6bb93;dataset;7;C.1 C.5 C.17 C.22 1.6 2.4 2.6
761-780/15;f321f8eb-cc4b-4c4d-ac8a-0dc97306119c;series;4;C.13 C.17 C.18 1.7
741-760/13;49eaa723-3480-4f0e-a1a7-b1bbffc4f424;service;6;C.1 C.5 C.17 C.18 3.1 3.8
761-780/20;261eced4-f4dd-4694-80b6-1a90f0b9a891;service;1;C.17
761-780/13;251b0d02-d251-4189-be4f-48963bb50f18;dataset;5;C.17 C.18 2.1 2.3 2.6
761-780/5;83bdf3e6-a11a-4398-9f79-ad8f1eddabf2;dataset;6;C.17 C.18 2.1 2.3 2.4 2.6
741-760/16;1ebaa413-6e87-4664-a2f1-b47228ed35b7;dataset;3;C.17 C.18 2.6
761-780/8;9bcf01a1-8d6d-4730-a369-07e7350db947;service;4;C.5 C.17 3.1 3.8
781-800/10;06659ad6-5217-449e-9435-88ceebcbcd9b;service;2;C.1 C.17
781-800/13;6e395a4f-9cac-45ab-9cfe-bf37f88979fd;dataset;10;C.1 C.5 C.11 C.17 C.22 1.6 2.1 2.3 2.4 2.6
741-760/9;865ef277-1d89-4f16-a4fc-20945d1228c7;series;5;C.5 C.6 C.17 1.6 2.4
761-780/11;24e6a5a3-36d3-48b1-a53c-81ca65e2b9c1;dataset;11;C.1 C.5 C.14 C.17 C.18 C.22 1.6 2.1 2.3 2.4 2.6
801-820/11;c287d817-a753-4277-b669-8cda7d51f790;dataset;3;C.17 2.4 2.6
761-780/6;2eb94ecd-dc8a-4d15-98d6-f486b908ea57;service;8;C.1 C.5 C.15 C.17 C.18 3.1 3.6 3.8
801-820/17;e1f85c33-ecf4-47cc-8b89-f75a35b2c68c;dataset;8;C.1 C.11 C.13 C.17 C.18 1.11 2.4 2.6
761-780/14;25c093e9-8ae1-4a66-883b-f696a0343811;dataset;8;C.5 C.17 C.18 1.6 2.1 2.3 2.4 2.6
801-820/4;05912499-ee03-48b1-beef-73d56c506d82;dataset;11;C.5 C.6 C.15 C.17 C.18 1.6 1.8 2.1 2.3 2.4 2.6
801-820/7;8400966a-431b-4221-b9cc-9cc1c34b9509;series;3;C.17 C.18 2.4
761-780/17;41c46856-424b-4c55-979c-8a6cd7fa02eb;dataset;1;1.3
781-800/11;a0ab7992-13cf-46d5-a650-6b43d479380e;service;7;C.1 C.5 C.6 C.17 3.1 3.6 3.8
81-100/1;ce40215c-f941-4b16-833d-8769be2f824e;dataset;5;C.5 C.17 1.6 2.4 2.6
81-100/12;98579843-6ccf-4de0-b04f-5b746de6d155;dataset;7;C.1 C.5 C.17 C.22 1.6 2.4 2.6
81-100/15;4890b419-b586-4042-96c4-3d408f567bd7;dataset;7;C.5 C.17 1.6 2.1 2.3 2.4 2.6
81-100/18;bc0d7bb4-6fc9-4697-8b63-62881af3e089;dataset;8;C.5 C.17 C.18 1.6 2.1 2.3 2.4 2.6
81-100/20;dda3c903-04d6-4af5-b3a6-9f2a489f6c46;dataset;8;C.5 C.6 C.15 C.17 C.18 1.6 2.4 2.6
81-100/5;8bb8de41-010f-4f9d-8195-e893a97be44d;dataset;6;C.5 C.6 C.14 C.17 1.6 2.6
81-100/8;0adc3a08-0a5a-40a9-a6d0-a7979d7522fc;dataset;6;C.5 C.6 C.14 C.17 1.6 2.6
821-840/16;388b14a5-fb96-4526-9b7f-6505708013a0;dataset;3;C.17 1.4 2.2
821-840/19;c1662d7b-f63a-48cc-96f6-3072d328ae56;dataset;3;C.17 1.4 2.2
801-820/12;cc14fbc8-fb60-4533-8c8e-28760d00895a;dataset;3;C.17 1.8 2.4
821-840/3;1cacff73-16a8-46e2-9af9-6b88c7af9321;service;4;C.5 C.17 3.1 3.8
821-840/6;a0aadc4d-2e6e-4d53-b324-113c7b21b97f;service;9;C.5 C.6 C.17 3.1 3.4 3.5 3.6 3.8 4.1
801-820/18;1559b172-d927-418c-a685-c1f47db3203e;dataset;4;C.1 C.15 C.17 2.4
781-800/5;28c6699d-8f45-4df9-b905-3c78c0ab8b50;series;2;C.17 2.4
801-820/5;08a0c192-bc74-4876-a2bb-fdfb8af7e618;series;3;C.17 C.18 2.4
801-820/10;332e5abf-63c2-4723-9c2d-4a926bbe587a;dataset;4;C.17 C.18 2.4 2.6
81-100/10;71888085-a7e7-4855-a59b-4869b596104f;dataset;7;C.1 C.5 C.17 C.22 1.6 2.4 2.6
841-860/2;cae61cf8-0b3a-449a-aeaf-1df752dd3d80;dataset;3;C.17 C.19 2.2
841-860/4;d27df8c0-de86-4d13-a06d-35a8f50b16fa;dataset;3;C.14 C.17 2.2
81-100/13;3b34fa25-c52e-4764-982a-15ef4f75b4f1;service;5;C.5 C.17 C.18 3.1 3.8
841-860/7;9b2337c8-7358-493e-8883-bd914a9094c5;service;4;C.6 C.10 C.17 3.6
81-100/16;b5948321-f251-4337-8bb0-f3fb4b097e65;dataset;8;C.5 C.17 C.18 1.6 2.1 2.3 2.4 2.6
861-869/1;c4c69e7f-2b40-45aa-a832-46d9fce8b32c;dataset;1;C.1
801-820/6;88d4ff34-a029-4be0-9463-e9c9491b35ef;dataset;6;C.5 C.17 C.18 1.6 1.8 2.4
81-100/19;61940935-b61f-4950-b0f0-bc6ed4fd4aaf;dataset;9;C.5 C.17 C.18 1.6 1.9 2.1 2.3 2.4 2.6
801-820/9;ef2a2304-0773-4a76-aa36-f980724a7e17;service;7;C.1 C.5 C.6 C.17 3.1 3.6 3.8
81-100/3;52bf65f7-db98-44ac-8da3-0b06fdf71d65;service;5;C.5 C.6 C.17 3.1 3.8
861-869/4;e4ee3cde-f0bf-4484-aa1e-df5c8406ff96;service;8;C.1 C.5 C.17 3.1 3.8 5.2 5.4 5.5
81-100/6;823e6fc8-f5b5-451f-b7d8-498fe4711c0b;dataset;8;C.5 C.17 1.6 1.11 2.1 2.3 2.4 2.6
81-100/11;0fda8a8f-258c-4cdb-88ba-55ec0cfc8f1f;dataset;11;C.1 C.5 C.14 C.17 C.18 C.22 1.6 2.1 2.3 2.4 2.6
81-100/14;5a7a5f7e-88d0-4288-ac77-361cb7529eb9;dataset;12;C.1 C.5 C.14 C.15 C.17 C.18 C.22 1.6 2.1 2.3 2.4 2.6
81-100/9;5cd6826d-cf1f-4ed7-9b38-401d0a102d1d;dataset;8;C.5 C.6 C.14 C.17 1.6 2.1 2.3 2.6
81-100/17;5ca929c2-6dd9-4ddc-b1ee-4759f77acb32;dataset;9;C.5 C.17 C.18 1.6 1.9 2.1 2.3 2.4 2.6
821-840/17;821b33a7-35b3-489c-93ab-9ef8f4422f2a;dataset;3;C.17 1.4 2.2
821-840/2;da0e5eb9-029a-4d9f-96a6-a7b4a5dc7c3d;service;4;C.5 C.17 3.1 3.8
81-100/2;cb455c97-4a18-4b51-830a-993e30bcb07c;dataset;10;C.6 C.16 C.17 C.20 C.21 C.22 1.3 1.6 1.9 1.10
81-100/4;ef98a396-4b22-4471-ae9e-b1f7ccf160d8;dataset;9;C.1 C.5 C.17 C.22 1.6 2.1 2.3 2.4 2.6
821-840/4;9ee720b5-db84-46ba-b469-42fa13fad8f2;dataset;4;C.5 C.17 1.6 2.4
821-840/7;d54dbd1d-4a8e-49af-99c2-76cb45398edf;dataset;3;C.17 2.4 2.6
841-860/1;a2dadf9a-92be-4f3e-aa00-b2802ef420b9;dataset;2;C.17 2.2
81-100/7;3eb62faf-e130-4411-995f-bab425d8dbf7;dataset;5;C.5 C.14 C.17 1.6 2.6
821-840/1;f803bafa-4f73-4502-9b27-2d02201bccf5;dataset;4;C.5 C.17 1.6 2.4
841-860/12;78750e14-35bd-4e54-b1af-e49a079d81f4;dataset;1;M.1
841-860/18;562b0259-8e8f-447a-933a-aa27d57ef8d9;dataset;1;M.1
821-840/15;ee20ad8b-c826-4561-b63a-bf203bb481b9;dataset;3;C.17 1.4 2.2
841-860/5;a30a77d1-12b6-47b4-a520-a54331bdbf41;dataset;3;C.17 1.4 2.2
821-840/18;b19452b2-a933-4e65-9b00-428eb1579cf6;dataset;4;C.17 1.4 2.2 2.6
821-840/20;345c9b95-6e9c-44a4-b02a-ee4304cccffc;dataset;3;C.17 C.19 2.2
821-840/5;FI_FMNH_BR_20170119;dataset;2;C.15 C.17
821-840/8;44d16c6c-7819-4597-8d8b-dfea65a0c328;service;11;C.1 C.8 C.9 C.10 C.17 C.18 3.2 3.4 3.5 3.8 4.1
861-869/2;c0c1329e-b749-4cea-ab91-ed296e1421ab;dataset;4;C.17 1.3 2.4 2.6
841-860/13;95c5098e-3a38-48ee-ab16-b80a99f50fef;dataset;2;C.17 2.2
841-860/16;34af5151-8372-495c-a423-4f8de4bde152;dataset;1;M.1
841-860/3;478d52dd-08b7-4777-b879-8806b1188b27;dataset;3;C.17 1.4 2.2
841-860/6;98cc1b96-3469-46e1-8247-7ff924a9ef27;dataset;3;C.17 2.2 2.6
841-860/9;9477be37-94a9-4201-824a-f079bc27d097;dataset;3;C.17 2.2 2.6
861-869/3;4dae5686-2a8c-40d8-837f-ce6f5547dba2;dataset;1;M.1
