file_id;md_id;version;type;error_count;errors
1-20_11;0616aa4d-0df3-47aa-aba3-857eeb7f4eb0;1.3;dataset;2;c.3 c.4
1-20_10;05d040d4-a4b0-42c2-b579-af28fb1a8395;1.3;service;1;f.3
1-20_17;0b1cc73a-ecdd-4d7d-9390-f967eedede28;1.3;service;1;d.3
1-20_12;071b021d-1d8e-414a-ab3f-1d0e135648ae;1.3;dataset;2;c.3 c.6
1-20_16;091f6dde-4a35-4c8e-9299-3a9c28fca703;1.3;dataset;1;xml.a.1
1-20_18;0d0b5f3c-8a28-440f-abc9-e58bb0766486;1.3;dataset;1;c.3
1-20_2;01ba0464-b76c-4231-bb9d-e7bf24fcedc5;1.3;dataset;1;xml.a.1
1-20_3;02bec45c-25b6-423d-827a-e8054d50feb0;1.3;dataset;3;a.4 a.8 c.4
1-20_5;03e3a908-aa71-4c82-a12a-0fe0f73f13ab;1.3;dataset;1;xml.a.1
1-20_8;0579cac6-641b-42c6-b098-e549d3a320bb;1.3;service;1;f.3
1-20_7;04790c3b-bd77-4d53-83c9-f71839cdf92d;1.3;dataset;1;c.4
101-120_10;7064a94e-5e1b-4778-81ad-ec6ba38c8b71;1.3;dataset;1;xml.a.1
1-20_6;046e2909-119f-4a32-8ba8-ebab0f919481;1.3;dataset;2;c.3 c.4
101-120_14;75b628eb-5d91-4b59-a01f-2ea1f1254c1b;2.0;dataset;7;C.14 C.15 C.17 C.18 1.4 1.8 1.10
101-120_16;7992887f-86f3-44d8-a9d6-e998f3ef9c69;1.3;dataset;3;xml.a.1 c.3 c.6
101-120_19;7c33b2fe-bed8-4601-abfc-271d288543bc;1.3;service;1;f.3
101-120_20;7cdbdf93-fc95-4b3d-b8e4-15d3c9891cb7;1.3;dataset;2;c.4 f.1
121-140_10;81b89a4d-4bd2-4eec-b4fd-0feb038ba205;1.3;service;2;d.1 f.2
101-120_2;678bfcc1-d6de-40ed-999a-5c97ffd56001;1.3;service;1;d.2
121-140_13;821014fd-279c-4615-9b97-4bbcc89f664c;1.3;dataset;6;xml.a.1 a.5 c.3 c.4 c.6 c.7
121-140_14;8309df5c-4c22-4e4b-b14d-63d849d37c3b;1.3;service;1;d.3
121-140_12;820e8fc9-ac20-4fc1-b18f-e588395b700b;1.3;service;1;d.2
121-140_15;8323a269-bf6b-4b4d-8623-4bc4036184ee;1.3;dataset;6;xml.a.1 a.5 c.3 c.4 c.6 c.7
121-140_3;7e0db32f-fb17-4e95-a6e1-ac2d80b72509;1.3;dataset;1;xml.a.1
121-140_4;7edea876-a741-441b-925e-1f8728fd238d;1.3;service;1;d.3
121-140_6;8040e7e6-9ace-4983-85ab-d6081dc81329;1.3;dataset;3;a.6 c.2 c.4
121-140_7;8099ddcf-2461-4388-9fca-fb4fe7afffd6;1.3;dataset;1;c.4
141-160_1;8b3bce0c-8e57-499a-bb00-442e73aa1bf4;1.3;dataset;1;xml.a.1
121-140_9;81b285e6-655e-4339-a8f2-d4da0924e916;1.3;dataset;2;c.3 c.7
141-160_13;985366a9-cb3a-46e4-9f89-d44cad6a4154;1.3;dataset;1;c.7
141-160_10;957a4d4b-abac-4bd0-9426-e5b43bf298fe;1.3;dataset;1;xml.a.1
141-160_15;997a39f7-5436-41e0-be97-3886a4cd5daa;1.3;dataset;1;c.7
141-160_14;98a2ce90-6aac-4895-be12-5a47b0bc4336;1.3;service;1;d.3
141-160_18;9c7a0729-ef0e-4679-a01f-ba7f459da756;1.3;dataset;1;c.3
141-160_17;99c7068b-d6e8-4090-add7-b7c6f7562927;1.3;dataset;1;c.3
141-160_20;9daf27b2-12c5-45c5-90ae-3de11c88a77b;1.3;dataset;2;c.3 c.4
141-160_2;8c9b6074-f53f-424e-a318-fcbe85662345;1.3;dataset;1;c.6
141-160_6;9364c928-9e9c-424b-bf9f-8d3a4a25cdb5;1.3;dataset;1;c.3
141-160_3;8d1ac54f-7f25-4f63-aad1-4da0b0cc84d8;1.3;dataset;2;c.3 c.7
141-160_8;9498b14d-fbda-4e99-bb91-b547ce085a01;1.3;dataset;1;xml.a.1
161-180_10;a5a95c23-0e45-4395-b518-05f348d73543;1.3;dataset;2;c.4 f.1
161-180_11;a71f9737-ede1-448a-bda2-5120f65d8ded;1.3;dataset;1;c.4
161-180_15;aa8176ab-22d2-42de-8414-3968ed2a7d36;1.3;service;1;d.1
161-180_14;aa3a7589-9759-453b-b679-711bc73d97e1;1.3;dataset;3;a.6 c.2 c.4
161-180_20;b05268ea-8cab-42ab-8c4e-b212cffad46d;1.3;dataset;1;c.3
161-180_17;aec7adde-2294-457a-bf55-9f63dc7d7d98;1.3;service;1;d.1
161-180_5;a386f68c-cf3c-4dac-9167-4b7eefc7ade2;1.3;service;1;d.3
161-180_18;af88630a-84a4-49ee-bc15-bb149c1a930c;1.3;service;1;xml.a.1
161-180_19;b04facd9-d93a-4af2-b77c-38c1a131caff;1.3;dataset;1;f.1
161-180_3;a10832f8-1444-490c-b267-98e286c53633;1.3;dataset;1;xml.a.1
161-180_4;a1b21c8e-2276-4386-abd2-3ef4ca5698b8;1.3;dataset;3;a.6 c.2 c.4
161-180_2;a0e1aeb4-bf30-4463-9f72-2add89ca2037;1.3;dataset;2;c.4 f.1
161-180_9;a5261a8c-e07b-4bb1-ba7b-fb7191b3b682;1.3;dataset;1;xml.a.1
181-200_1;b187df50-7ffd-4502-83b2-5edc391bdbb0;1.3;service;1;a.4
181-200_14;c8b758ae-b1e4-4f83-81ce-8c7c19d52191;2.0;dataset;7;C.14 C.15 C.17 C.18 1.4 1.8 1.10
161-180_7;a41eda70-0705-4641-8013-bb7348383eb7;1.3;dataset;2;c.3 c.4
181-200_16;ca3b040d-358c-4c3b-a4b1-016654dd7cac;1.3;dataset;2;c.3 c.6
181-200_3;b49995f6-f194-4f31-8a81-ae3aa0a0f2dd;1.3;dataset;2;c.3 c.4
181-200_19;cb9dbed0-6645-462e-85f7-ddbb9ab7f59b;1.3;dataset;2;c.3 c.6
181-200_20;cc010a49-14a3-4664-9858-beb2a7e47438;1.3;dataset;1;a.8
181-200_9;bf310be3-e9d1-40ec-924c-0919948d7efd;1.3;dataset;1;xml.a.1
181-200_5;b605b3c3-c314-458f-8e5f-99fe58db3d3a;1.3;dataset;1;xml.a.1
181-200_6;bd698999-9a2c-4033-a680-f9739e9869d5;1.3;service;2;xml.a.1 d.1
201-220_11;d9f65961-a2e3-4216-b807-75cf45042f38;1.3;dataset;1;c.3
181-200_4;b4fba97f-c190-454f-816a-c8471c76e47b;1.3;service;1;d.2
201-220_14;dbc19a08-6b22-43f0-95d8-826baaccd7da;1.3;service;1;d.3
181-200_7;bdfda0bf-a4ff-4e05-be86-afdd9a8798d7;2.0;dataset;5;C.6 C.17 C.18 1.4 1.10
201-220_1;cf11d200-9425-481a-ba9b-f5dc77f95026;1.3;dataset;1;c.3
201-220_13;dba7d8a3-9f66-4f68-b08f-91b59886208f;1.3;dataset;1;xml.a.1
201-220_16;dccc7722-3a6d-481d-b4cd-d10482c695df;1.3;dataset;2;c.3 f.3
201-220_4;d12e823a-ed3b-40b8-902f-1e5a06adc79b;1.3;dataset;1;f.1
201-220_18;ddf2b301-636d-4505-b4ad-99aaa4f921c6;1.3;dataset;1;c.3
201-220_6;d4458df1-b7b9-4de4-8e0b-08701ce80569;1.3;dataset;4;xml.a.1 c.3 f.1 f.3
21-40_12;1ab5b4ed-19f2-4417-80b9-e3253b65fe96;1.3;dataset;1;xml.a.1
21-40_15;1c190756-b57c-4c8a-8396-9f6d95d8075c;1.3;dataset;1;xml.a.1
21-40_14;1b680eba-02d7-4417-933c-6fede9a86082;1.3;dataset;2;c.4 f.1
21-40_11;18ad78c3-f513-4b88-b9f3-5a17a96e323b;1.3;service;1;d.2
21-40_17;1e8b95ac-c67b-4344-afca-299800465eb1;1.3;service;4;a.4 a.8 d.1 f.2
21-40_5;14bb3b3a-8c09-46a8-822d-70ea1112e2af;1.3;dataset;1;c.3
21-40_20;229a8e98-6771-4962-a9d5-1c3651ebfdd6;1.3;dataset;1;c.7
21-40_13;1b33054a-b7a3-4c7e-b68c-3aa4f92b7997;1.3;dataset;1;c.3
21-40_16;1cf231bf-be41-4831-a550-9e57517ac49e;1.3;service;1;d.3
21-40_19;200704ed-49d8-4ee8-8370-5a745c3d3a8f;1.3;dataset;1;c.4
21-40_6;14c5627e-ad86-4097-85a1-811bea6fc2ef;1.3;dataset;1;c.3
221-240_13;ea30fd31-198a-4dcb-9028-8a0b7ba38e3e;1.3;dataset;1;xml.a.1
221-240_15;eb3e268c-de8f-4b94-ab7e-5d1f915c3dbb;1.3;dataset;1;c.4
221-240_4;e0d8d49a-19b0-4ead-9d2a-a17eafb83f29;1.3;service;1;a.3
221-240_3;e0c69ae8-3660-4bfb-811f-d62ce713d993;1.3;dataset;1;c.4
221-240_19;efb3bde8-c5fd-43da-a4d7-02675311dc58;1.3;dataset;1;c.3
221-240_9;e76862d5-4717-4a68-9dfa-c08ec36aadf9;1.3;dataset;1;c.4
221-240_8;e5ffb7ac-d9f1-42fe-92c5-542962155818;1.3;dataset;2;c.4 f.1
221-240_7;e2c7f416-0f17-432d-b28a-28fc5ead2938;1.3;dataset;3;c.3 c.4 f.1
241-260_16;fef24767-25c6-476d-8535-26a99a676707;1.3;dataset;2;c.4 f.1
241-260_15;fd92f0f9-7291-416b-acfc-ca836ffd6f9f;1.3;service;1;a.4
241-260_19;fff116a8-2328-40a4-befb-7be10edc75c5;1.3;dataset;1;xml.a.1
241-260_3;f566d786-244b-4364-854f-93642862b84c;1.3;service;1;d.1
241-260_2;f4741144-0008-47eb-b352-e4abb02b722e;1.3;dataset;1;c.3
241-260_18;ffe3d438-b164-4951-8205-017652f685f1;1.3;dataset;1;c.7
261-280_1;04d98579-f75a-4235-a5e5-46a55a0184da;1.3;service;1;xml.a.1
261-280_11;45a5f00e-962d-4f92-84a8-e1b07095fbeb;1.3;service;1;xml.a.1
241-260_5;f8b45eca-4bc3-483b-a993-0c1ae4adb192;1.3;service;2;a.4 d.3
261-280_15;545a3c01-5b24-4fe8-a99b-d5a076f3d940;1.3;service;1;xml.a.1
261-280_13;51a53744-c75b-ffb4-90d7-caa015579187;1.3;dataset;1;xml.a.1
261-280_17;5da27aac-94be-474d-872b-9f42c3ea302f;1.3;dataset;1;a.4
261-280_19;6a207ccd-9ab3-4bff-89ae-96df3520177b;1.3;service;1;xml.a.1
261-280_18;5ee2df74-27f6-41e6-8168-0feb6a0ab005;1.3;dataset;2;a.4 f.1
261-280_6;19e818cb-baa4-4b12-8edc-db0a2e506645;1.3;service;1;xml.a.1
261-280_5;18a9fc05-ae6c-452b-8e49-bf523200a367;1.3;service;1;a.4
261-280_8;2cfff568-95ba-4a1f-86f6-19112d78e1e9;1.3;dataset;1;a.4
281-300_12;becc11fe-4c0d-478a-b782-d65155feddea;1.3;service;1;xml.a.1
281-300_13;bf00b5bd-2299-44e9-9871-e5485c84f03b;1.3;dataset;2;a.4 f.1
281-300_15;ca2d931d-82d3-4b6c-bd9b-0477bff41c8f;1.3;service;1;d.2
281-300_19;cf0988fd-d67f-4561-b76e-6033798484f0;1.3;service;1;xml.a.1
281-300_20;d47e5341-66d9-4f93-829c-3b4d4f8d6f1f;1.3;service;1;xml.a.1
281-300_16;ca487483-028c-495f-9eea-c2de091e5751;1.3;dataset;1;c.3
281-300_5;a5e5a0b2-4a62-4143-a59c-89ab72ea2589;1.3;service;1;xml.a.1
281-300_17;ce4cfb53-d9f7-4b50-a464-1ed688496e0a;1.3;dataset;1;a.4
281-300_2;93525666-f122-41ff-8df0-a3ff69f4425d;1.3;dataset;1;a.4
281-300_9;b777ce5d-7bf2-4261-aede-682e15aab8dc;1.3;service;1;xml.a.1
301-311_10;f8f7740e-46f5-4983-9ae6-0f132494f42f;1.3;service;1;xml.a.1
281-300_6;ad769d08-49ad-4d11-8512-00e408869d9f;1.3;service;1;a.4
301-311_3;d9c82eb1-ae53-42d2-a231-51cfac464a6e;1.3;dataset;1;a.4
301-311_4;e2a15af7-6703-4abc-aca0-12cf23dad894;1.3;dataset;1;a.4
301-311_5;ed5b189f-b1f0-4855-9a37-8d51e0ba4b4c;1.3;service;1;d.3
301-311_2;d6ad116b-41d9-49ea-9cbe-2aee16eaed91;1.3;dataset;1;a.4
41-60_11;297bd585-9976-4d80-9f6e-0dfc9829aa2e;1.3;dataset;1;c.4
41-60_1;2492ff69-1d6a-4234-9017-a7ca0bd597be;1.3;dataset;1;c.4
41-60_14;29bfe8d3-15f8-4e07-9fb5-a4bbfdc4c1f6;1.3;dataset;2;c.3 c.7
41-60_12;29a71915-337e-46a3-9c90-7b1a7128ec59;1.3;dataset;2;xml.a.1 c.4
301-311_8;f50188e1-ee2e-4342-9125-0555ae66fbc1;1.3;service;1;xml.a.1
41-60_17;2d2f634f-9507-47a1-9663-8fc73493e3b5;1.3;dataset;1;c.6
41-60_10;2924e734-b9ab-4af2-b6e9-68ad2f38ad59;1.3;dataset;2;c.4 f.1
41-60_13;29bc7b61-4d23-49f0-aa97-689c5b8aa83c;1.3;dataset;3;a.6 c.2 c.4
41-60_4;2749b898-81c1-46d3-b2f4-cca518690892;1.3;dataset;2;c.4 f.1
41-60_5;279704e7-7073-417f-ba5a-9580f69f35b7;1.3;dataset;1;xml.a.1
41-60_16;2bace39e-c6cb-496e-a4ad-5216d5645cbb;1.3;service;4;a.4 a.8 d.1 f.2
41-60_8;283895aa-0a16-4d75-a45f-7e00fc10fcb7;1.3;dataset;1;c.4
61-80_10;3a7675da-b3cd-43ac-876b-8977c0445958;1.3;dataset;1;xml.a.1
41-60_3;2723be22-31d5-45a7-a310-0ebda54b6a03;1.3;service;1;f.3
61-80_12;3c65d61d-a6a7-4e7a-959b-638068323aa1;1.3;dataset;3;c.3 c.4 f.1
61-80_16;40a6febe-22e7-44d7-b69c-985d7d58bcf2;1.3;dataset;1;c.4
61-80_13;3c8e71ac-92f2-4415-875b-4fd512ffeb60;1.3;service;1;d.2
61-80_18;46449815-1ae2-450b-a84e-54c5c4e5a78b;1.3;service;1;d.3
61-80_11;3b293618-6ac4-4e60-a213-593f9103c7db;1.3;service;1;d.2
41-60_9;284eefd2-32f6-412a-8157-a6c8f10427cb;2.0;dataset;3;C.17 C.18 1.10
61-80_6;37982a0d-6a55-44c8-a00a-92b0b5f44db1;1.3;dataset;1;c.7
61-80_8;38c339a9-7e38-4b9f-88b2-5bd0f2235ec4;1.3;dataset;1;xml.a.1
81-100_11;585d5c65-5496-47ae-b618-4c6dabf3dbbf;1.3;service;1;d.2
81-100_14;5b29f838-ff56-438f-a648-525cfa3f5d6f;1.3;dataset;1;c.3
81-100_13;5a7de016-4b33-408c-8fd0-abca506ec7ed;1.3;dataset;1;xml.a.1
81-100_16;5d126d8a-3176-4ce7-9ee0-0a3dc4c38d7e;1.3;dataset;1;c.4
81-100_12;59be6a9b-11d9-41b2-97ac-daf5e8527790;1.3;dataset;1;c.4
81-100_9;553fdfb4-5b66-436d-a28a-0277c3205b8d;1.3;dataset;1;xml.a.1
81-100_4;50a6906f-4c3b-4cf9-ae2b-14b4306183a4;1.3;dataset;1;xml.a.1
81-100_5;52c56386-a185-4373-af60-c791811a608d;1.3;dataset;1;c.4
81-100_20;65dcadbc-e670-4e9b-a0c2-e17afaea3fb5;2.0;dataset;5;C.17 C.18 1.3 1.7 1.10
81-100_8;53d052ef-e31a-44a6-9a90-ca38c943061d;1.3;dataset;1;xml.a.1
